Supplier Name,Supply Address,Supplier Address,Supplier Suburb/Town,Supplier Postcode,Product,Variant,Variant Weight - quant,Quantity,Reserve,Distributor,Delivery Address,Distributor address,Distributor Suburb/Town,Distributor postcode,Shipping instructions
Great West,"96 Black Range Road, Romsey, VIC 3434",96 Black Range Road,Romsey,3434,Olive Oil (Bulk) - 4L Cans and 20L Drums (from . . ),Quantity (L): 4L (can),4,1,3.2,Murrnong (Violet Town),"4446 Murchison Rd,  Violet Town , VIC 3669",4446 Murchison Rd, Violet Town ,3669,
Great West,"96 Black Range Road, Romsey, VIC 3434",96 Black Range Road,Romsey,3434,Olive Oil (Bulk) - 4L Cans and 20L Drums (from . . ),Quantity (L): 4L (can),4,1,3.2,Murrnong (Violet Town),"4446 Murchison Rd,  Violet Town , VIC 3669",4446 Murchison Rd, Violet Town ,3669,
Great West,"96 Black Range Road, Romsey, VIC 3434",96 Black Range Road,Romsey,3434,Olive Oil (Bulk) - 4L Cans and 20L Drums (from . . ),Quantity (L): 4L (can),4,1,3.2,Murrnong (Violet Town),"4446 Murchison Rd,  Violet Town , VIC 3669",4446 Murchison Rd, Violet Town ,3669,
Matt's Patch,"254 O'Neills Rd, Nagambie, VIC 3608",254 O'Neills Rd,Nagambie,3608,Lemons - Heritage,,1,8,10,PepperTree Place (Coburg),"512 Sydney Road, Coburg, VIC 3058",512 Sydney Road,Coburg,3058,
Matt's Patch,"254 O'Neills Rd, Nagambie, VIC 3608",254 O'Neills Rd,Nagambie,3608,Oranges - Valencia (per kg),,1,5,3,Surrey Hills,"11 Thornton Avenue, Surrey Hills , VIC 3127",11 Thornton Avenue,Surrey Hills ,3127,
Matt's Patch,"254 O'Neills Rd, Nagambie, VIC 3608",254 O'Neills Rd,Nagambie,3608,Oranges - Valencia (per kg),,1,40,30,PepperTree Place (Coburg),"512 Sydney Road, Coburg, VIC 3058",512 Sydney Road,Coburg,3058,"Claire will pay EFT combining Claire Heztel, Ross Parker, Lizzie Bickmore orders."
Matt's Patch,"254 O'Neills Rd, Nagambie, VIC 3608",254 O'Neills Rd,Nagambie,3608,Young Garlic (bunch),,0.5,5,2,Surrey Hills,"11 Thornton Avenue, Surrey Hills , VIC 3127",11 Thornton Avenue,Surrey Hills ,3127,
Matt's Patch,"254 O'Neills Rd, Nagambie, VIC 3608",254 O'Neills Rd,Nagambie,3608,Young Garlic (bunch),,0.5,15,15,PepperTree Place (Coburg),"512 Sydney Road, Coburg, VIC 3058",512 Sydney Road,Coburg,3058,
Matt's Patch,"254 O'Neills Rd, Nagambie, VIC 3608",254 O'Neills Rd,Nagambie,3608,Young Garlic (bunch),,0.5,2,0.8,PepperTree Place (Coburg),"516 Sydney Road, Coburg, VIC 3058",516 Sydney Road,Coburg,3058,
Matt's Patch,"254 O'Neills Rd, Nagambie, VIC 3608",254 O'Neills Rd,Nagambie,3608,Young Onion (bunch),,0.5,8,4,Ballantyne (Thornbury),"1/15 Ballantyne Street, Thornbury, VIC 3071",1/15 Ballantyne Street,Thornbury,3071,for Ballantyne
Matt's Patch,"254 O'Neills Rd, Nagambie, VIC 3608",254 O'Neills Rd,Nagambie,3608,Young Onion (bunch),,0.5,17,10,Murundaka (Heidelberg),"42 Bamfield Street, Heidelberg Heights, VIC 3081",42 Bamfield Street,Heidelberg Heights,3081,
Matt's Patch,"254 O'Neills Rd, Nagambie, VIC 3608",254 O'Neills Rd,Nagambie,3608,Young Onion (bunch),,0.5,4,1.6,Surrey Hills,"11 Thornton Avenue, Surrey Hills , VIC 3127",11 Thornton Avenue,Surrey Hills ,3127,
Matt's Patch,"254 O'Neills Rd, Nagambie, VIC 3608",254 O'Neills Rd,Nagambie,3608,Young Onion (bunch),,0.5,20,10,PepperTree Place (Coburg),"512 Sydney Road, Coburg, VIC 3058",512 Sydney Road,Coburg,3058,
Mt Zero Olives,"41 Mount Zero Rd, Laharum, VIC 3401",41 Mount Zero Rd,Laharum,3401,Chickpeas (kg),,3,11,0,Northcote Bulk Foods Coop :),"131 Separation Stree, Northcote, VIC 3080",131 Separation Stree,Northcote,3080,
Mt Zero Olives,"41 Mount Zero Rd, Laharum, VIC 3401",41 Mount Zero Rd,Laharum,3401,Egyptian Dukkah (100g),,0.1,2,0,Northcote Bulk Foods Coop :),"131 Separation Stree, Northcote, VIC 3070",131 Separation Stree,Northcote,3070,
Mt Zero Olives,"41 Mount Zero Rd, Laharum, VIC 3401",41 Mount Zero Rd,Laharum,3401,Falafel mix (kg),,1,8,0,Northcote Bulk Foods Coop :),"131 Separation Stree, Northcote, VIC 3070",131 Separation Stree,Northcote,3070,
Mt Zero Olives,"41 Mount Zero Rd, Laharum, VIC 3401",41 Mount Zero Rd,Laharum,3401,Kalamata Olives (kg),,1,10,0,Northcote Bulk Foods Coop :),"131 Separation Stree, Northcote, VIC 3070",131 Separation Stree,Northcote,3070,